{
  "Total" : {
    "transaction" : "Total",
    "sampleCount" : 336,
    "errorCount" : 0,
    "errorPct" : 0.0,
    "meanResTime" : 12395.276785714275,
    "medianResTime" : 13976.0,
    "minResTime" : 199.0,
    "maxResTime" : 35027.0,
    "pct1ResTime" : 17184.6,
    "pct2ResTime" : 21243.1,
    "pct3ResTime" : 34664.04,
    "throughput" : 9.322715795899114,
    "receivedKBytesPerSec" : 27.556831976082798,
    "sentKBytesPerSec" : 1.1016099719763603
  },
  "HTTP Request" : {
    "transaction" : "HTTP Request",
    "sampleCount" : 336,
    "errorCount" : 0,
    "errorPct" : 0.0,
    "meanResTime" : 12395.276785714275,
    "medianResTime" : 13976.0,
    "minResTime" : 199.0,
    "maxResTime" : 35027.0,
    "pct1ResTime" : 17184.6,
    "pct2ResTime" : 21243.1,
    "pct3ResTime" : 34664.04,
    "throughput" : 9.322715795899114,
    "receivedKBytesPerSec" : 27.556831976082798,
    "sentKBytesPerSec" : 1.1016099719763603
  }
}